Experiment,Eve,Noise,QBER,Final_Key_Rate
B,0.0,0.0,0.0,0.501
B,0.0,0.02,0.021956087824351298,0.332
B,0.0,0.05,0.04790419161676647,0.195
B,0.0,0.1,0.09181636726546906,0.012
B,0.0,0.2,0.17564870259481039,0.0
C,0.0,0.0,0.0,0.501
C,0.1,0.0,0.025691699604743084,0.313
C,0.25,0.0,0.04940711462450593,0.189
C,0.5,0.0,0.12055335968379446,0.0
C,0.75,0.0,0.17193675889328064,0.0
C,1.0,0.0,0.2648221343873518,0.0
D,0.0,0.02,0.029940119760479042,0.286
D,0.0,0.05,0.05588822355289421,0.158
D,0.0,0.1,0.0658682634730539,0.114
D,0.1,0.02,0.045454545454545456,0.209
D,0.1,0.05,0.05533596837944664,0.161
D,0.1,0.1,0.1007905138339921,0.0
D,0.25,0.02,0.08695652173913043,0.031
D,0.25,0.05,0.08893280632411067,0.023
D,0.25,0.1,0.13043478260869565,0.0
D,0.5,0.02,0.1442687747035573,0.0
D,0.5,0.05,0.13043478260869565,0.0
D,0.5,0.1,0.18774703557312253,0.0
